Run,BestFitness,Time(s)
1,3.07253,0.0201837
2,0.817156,0.0201722
3,0.994959,0.0203138
4,4.28183,0.0204581
5,6.77225e-09,0.0203246
6,0.00059703,0.02029
7,2.01538e-09,0.0201973
8,2.85544e-05,0.0207815
9,3.27115,0.0206844
10,1.4545e-07,0.0204435
11,1.81933e-09,0.0205378
12,1.3059,0.0204484
13,0.0229991,0.0210169
14,9.64828e-05,0.0205335
15,0.000181068,0.020508
16,3.57041,0.0210881
17,2.66579,0.021045
18,0.248905,0.0204563
19,1.59805,0.0205408
20,3.37882,0.0206534
