Run,BestFitness,Time(s)
1,3.35513,0.0635295
2,1.55978,0.0513425
3,3.42613,0.0505049
4,2.74337,0.050511
5,0.977539,0.0522705
6,1.53776,0.0865484
7,1.66535,0.0505958
8,1.6195,0.0504974
9,3.34192,0.0502395
10,2.35146,0.0504791
11,2.77908,0.051789
12,9.22334,0.051165
13,2.69698,0.0520469
14,3.38505,0.050396
15,7.7773,0.0507594
16,3.49538,0.05141
17,4.86623,0.0509033
18,2.4303,0.0505743
19,5.49473,0.0505812
20,3.02382,0.0521175
