Run,BestFitness,Time(s)
1,1.98992,0.0141516
2,0.994959,0.0138646
3,0.994959,0.014222
4,0.994959,0.0141969
5,0,0.0141039
6,0,0.0139674
7,0,0.0142784
8,0,0.0142285
9,0,0.0140491
10,0,0.0138458
11,0,0.0139913
12,0,0.0142102
13,0,0.0139077
14,0,0.0138906
15,0,0.013795
16,0,0.0137727
17,0,0.0138549
18,0,0.0139495
19,0,0.0148255
20,0,0.0139593
