Run,BestFitness,Time(s)
1,11.2181,0.000509292
2,1.57775,0.000457083
3,3.35717,0.000450042
4,2.86399,0.000436417
5,2.64561,0.000446959
6,1.59943,0.000455042
7,4.32925,0.000444167
8,2.83319,0.000443291
9,1.3955,0.000440625
10,5.10305,0.000445166
11,3.23825,0.000383083
12,4.48777,0.000387458
13,2.46775,0.000389958
14,3.78027,0.000382125
15,7.32706,0.000379125
16,5.43402,0.000383792
17,4.87946,0.000385958
18,4.27472,0.000397917
19,4.87886,0.000379333
20,3.15189,0.000387584
