Run,BestFitness,Time(s)
1,6.03926,0.0243252
2,10.1279,0.024499
3,16.3705,0.0245869
4,11.2591,0.0247718
5,2.54756,0.024282
6,6.11435,0.0249464
7,11.8349,0.0255633
8,12.3252,0.0248387
9,14.0132,0.025082
10,12.522,0.0250609
11,10.2466,0.0244942
12,11.94,0.0247209
13,11.0073,0.024748
14,9.06319,0.0252604
15,11.8242,0.0253849
16,1.41493,0.026142
17,10.9632,0.0255396
18,5.39373,0.0252312
19,10.4716,0.0249843
20,13.1167,0.0251384
