Run,BestFitness,Time(s)
1,13.6285,0.0684245
2,10.171,0.0559003
3,13.0971,0.055403
4,16.1189,0.055423
5,18.8513,0.0570371
6,13.0604,0.0556453
7,14.82,0.0552881
8,17.2237,0.0555159
9,11.773,0.0554351
10,23.6709,0.0555583
11,6.74515,0.0577876
12,15.789,0.0565404
13,4.89175,0.0564396
14,11.6291,0.0568765
15,18.9531,0.0559138
16,16.0853,0.0564265
17,14.96,0.057108
18,8.41378,0.0567277
19,13.445,0.0564733
20,24.9123,0.0569503
