Run,BestFitness,Time(s)
1,6.96471,0.0192689
2,2.98488,0.0184603
3,1.98992,0.0184191
4,0.994959,0.0188016
5,0,0.0189765
6,0,0.0189623
7,0,0.0187684
8,0,0.0187409
9,0,0.0185299
10,0,0.0183374
11,0,0.0189467
12,0,0.0184891
13,0,0.0185144
14,0,0.0195513
15,0,0.0185331
16,0,0.0186365
17,0,0.0184162
18,0,0.0185052
19,0,0.0185324
20,0,0.0182459
