Run,BestFitness,Time(s)
1,13.0863,0.000530375
2,3.90986,0.000487958
3,7.09686,0.00048325
4,3.06046,0.000474833
5,3.47213,0.000470333
6,4.57608,0.000473458
7,6.2026,0.000473708
8,3.11473,0.000473375
9,4.57578,0.000474875
10,13.8601,0.0005245
11,4.85123,0.000482417
12,3.0559,0.000411959
13,6.00428,0.000410417
14,4.74379,0.000409375
15,3.65875,0.000413625
16,6.07346,0.00041325
17,7.2742,0.000416125
18,6.33696,0.000412333
19,5.94777,0.000409292
20,9.95349,0.000403875
