Run,BestDistance,Time(s)
0,643.378,7.23944
1,650.653,7.30079
2,618.869,7.34763
3,653.596,7.27543
4,639.278,7.24839
5,602.651,7.32329
6,585.592,7.27237
7,656,7.283
8,632.243,7.31155
9,657.843,7.65025
10,631.327,7.56678
11,644.498,7.38218
12,619.798,7.37916
13,652.545,7.45033
14,585.971,7.40939
15,633.394,7.56698
16,646.629,7.46461
17,607.361,7.46602
18,644.527,7.43203
19,652.109,7.44222
