Run,BestDistance,Time(s)
0,519.263,8.18602
1,513.02,8.24972
2,514.152,8.33975
3,525.547,8.38913
4,530.604,8.60072
5,524.203,11.1151
6,496.4,9.16275
7,492.225,9.01586
8,510.628,9.12019
9,513.94,8.97832
10,515.724,10.7198
11,519.993,9.2142
12,518.472,9.02695
13,470.658,9.04714
14,527.517,9.05136
15,514.604,9.20804
16,514.494,9.11419
17,499.607,9.0959
18,523.954,9.10502
19,518.474,9.16172
