Run,BestFitness,Time(s)
1,0,0.0198348
2,4.95817e-11,0.018689
3,0,0.018721
4,0,0.0185915
5,0,0.0185411
6,0,0.018393
7,1.06581e-14,0.0184058
8,0,0.0187096
9,0,0.018624
10,7.10543e-13,0.018484
11,0,0.0182158
12,0,0.0183573
13,0,0.0182491
14,0,0.0182061
15,4.36984e-13,0.0181573
16,2.33733e-11,0.0182023
17,0,0.0181654
18,0,0.0190852
19,0,0.0184609
20,0,0.0198024
