Run,BestFitness,Time(s)
1,0.340994,0.0690617
2,0.448316,0.0489417
3,1.79468,0.0477711
4,0.323213,0.0478372
5,0.507651,0.0493546
6,0.145683,0.0476842
7,0.497879,0.0475335
8,0.627174,0.0494626
9,0.579935,0.0489564
10,0.100675,0.0526203
11,0.223611,0.049373
12,0.0948536,0.0509788
13,0.347546,0.0501451
14,0.520383,0.0491866
15,0.392321,0.0487062
16,0.824731,0.0488746
17,0.432188,0.048086
18,2.19978,0.0487187
19,0.526851,0.048353
20,1.86206,0.0488817
