Run,BestFitness,Time(s)
1,0,0.012415
2,0,0.0116743
3,0,0.0118621
4,0,0.0120165
5,0,0.0121564
6,0,0.0118633
7,0,0.0119067
8,0,0.0125866
9,0,0.0119594
10,0,0.0120845
11,0,0.0116657
12,0,0.0118198
13,0,0.012162
14,0,0.0120325
15,0,0.0116653
16,0,0.0116756
17,0,0.0116832
18,0,0.0117081
19,0,0.011755
20,0,0.0116201
