Run,BestFitness,Time(s)
1,4.53045,0.00110008
2,2.54834,0.000916375
3,3.69269,0.000862
4,3.31195,0.000763875
5,1.47723,0.000750167
6,3.47264,0.00072075
7,3.12916,0.000675792
8,2.2879,0.000748083
9,1.11611,0.000685292
10,1.8976,0.0006185
11,2.46735,0.000603792
12,3.9036,0.000615292
13,2.26033,0.000604
14,1.70163,0.000616208
15,3.06833,0.000622458
16,0.661847,0.000625708
17,0.575885,0.000621
18,2.70473,0.000616708
19,2.76693,0.00061725
20,3.40481,0.000637333
