Run,BestFitness,Time(s)
1,23.4546,0.0283781
2,23.4329,0.0284107
3,14.0829,0.0281172
4,28.0124,0.028711
5,31.0445,0.0648279
6,29.0732,0.0330292
7,24.9369,0.0283633
8,20.3864,0.0285484
9,27.4624,0.0281566
10,19.4571,0.0292123
11,30.0188,0.0288811
12,21.9994,0.0285232
13,34.7354,0.0287623
14,24.4494,0.0286628
15,22.5781,0.0284062
16,15.2229,0.0283901
17,18.9445,0.0286427
18,8.2664,0.0285972
19,17.6387,0.028533
20,16.7652,0.0287247
