Run,BestFitness,Time(s)
1,25.973,0.0648666
2,31.493,0.0601797
3,26.5931,0.0594423
4,35.8714,0.0595968
5,31.2347,0.0608771
6,17.9247,0.0604594
7,33.2514,0.0596431
8,18.0106,0.059857
9,29.656,0.0593168
10,20.9012,0.0603387
11,28.9155,0.0605549
12,30.4348,0.0599115
13,15.6007,0.0601665
14,26.929,0.0610973
15,36.973,0.0597023
16,31.1108,0.0606094
17,31.6614,0.0602522
18,32.426,0.0609553
19,29.5569,0.0609218
20,34.2714,0.0600138
