Run,BestFitness,Time(s)
1,12.9345,0.0236513
2,8.95463,0.0231617
3,5.96975,0.0229668
4,5.96975,0.0231495
5,4.9748,0.0237869
6,3.97984,0.0228771
7,2.98488,0.0227185
8,1.98992,0.0228703
9,1.98992,0.0226978
10,1.98992,0.0226484
11,0.994959,0.0237397
12,0.994959,0.0229471
13,0.994959,0.0224736
14,0.994959,0.0226997
15,0.994959,0.0225691
16,0.994959,0.0225418
17,0.994959,0.0224095
18,0.994959,0.0226105
19,0.994959,0.0225379
20,0.994959,0.0225457
