Run,BestFitness,Time(s)
1,25.9068,0.000402084
2,12.2089,0.000356208
3,9.88223,0.000356458
4,6.07089,0.00035775
5,8.04014,0.000333334
6,8.22675,0.000330042
7,13.6116,0.000335167
8,9.81279,0.000335917
9,5.44734,0.000336458
10,6.40833,0.000331167
11,7.74196,0.000329125
12,10.4409,0.000332
13,10.9314,0.000330333
14,8.1732,0.000335083
15,6.0151,0.000338
16,8.72646,0.000333166
17,13.4554,0.000337875
18,6.31505,0.000330792
19,11.5855,0.0003375
20,8.36408,0.000330875
