Run,BestFitness,Time(s)
1,8.35221,0.0227261
2,4.63144,0.0226278
3,8.06605,0.0221983
4,4.92693,0.0224066
5,9.27353,0.0223788
6,5.31531,0.0222973
7,4.08133,0.0230619
8,2.86871,0.0227982
9,10.9819,0.0222787
10,6.69061,0.0231301
11,5.56349,0.0227652
12,5.59925,0.0229093
13,6.4987,0.0225716
14,3.84801,0.0226918
15,7.98891,0.0224206
16,7.09093,0.022242
17,5.48947,0.0222192
18,6.79229,0.0231303
19,6.99877,0.0229752
20,6.56323,0.0223577
