Run,BestFitness,Time(s)
1,9.8579,0.0588459
2,8.31582,0.0533249
3,10.0031,0.0528741
4,13.845,0.0526055
5,7.43972,0.0528749
6,10.0225,0.0538925
7,14.8905,0.0528299
8,8.24706,0.0526789
9,6.3285,0.052733
10,10.405,0.0525674
11,3.78398,0.0527545
12,4.05168,0.0545797
13,5.42903,0.0531311
14,6.39802,0.0532534
15,9.96847,0.0537025
16,3.51508,0.0527289
17,6.13438,0.0535744
18,13.4071,0.0537003
19,7.66627,0.0531075
20,3.64568,0.053625
