Run,BestFitness,Time(s)
1,5.96975,0.0169196
2,1.98992,0.0163748
3,1.98992,0.017024
4,0.994959,0.0166208
5,0,0.0164728
6,0,0.0168974
7,0,0.0165197
8,0,0.0160636
9,0,0.0165671
10,0,0.0164405
11,0,0.0164128
12,0,0.024218
13,0,0.0479815
14,0,0.0175616
15,0,0.0165941
16,0,0.0165124
17,0,0.0166452
18,0,0.016223
19,0,0.016273
20,0,0.0163517
