Run,BestFitness,Time(s)
1,6.25327,0.000365
2,5.38431,0.000332959
3,3.64542,0.000325792
4,3.79314,0.000324875
5,6.44643,0.000328125
6,9.73298,0.000319583
7,3.39001,0.000324666
8,3.31581,0.000331458
9,5.05376,0.000324792
10,3.44596,0.000322334
11,4.10537,0.000324458
12,3.34265,0.0003235
13,6.83355,0.000317875
14,2.90534,0.000317334
15,6.35395,0.000326417
16,4.35317,0.00032325
17,5.75201,0.000326583
18,2.98129,0.000300084
19,5.17093,0.000314875
20,5.10106,0.000315416
