Run,BestFitness,Time(s)
1,0,0.01201
2,0,0.012023
3,0,0.0121194
4,0,0.0118914
5,0,0.0119223
6,0,0.0119534
7,0,0.0120993
8,0,0.0122018
9,0,0.0122147
10,0,0.0122202
11,0,0.0122417
12,0,0.0122182
13,0,0.0131901
14,0,0.0128706
15,0,0.0120898
16,0,0.0119529
17,0,0.0122212
18,0,0.0120674
19,0,0.0121786
20,0,0.0118799
