Run,BestFitness,Time(s)
1,0.00509914,0.044972
2,0.00721347,0.0394162
3,0.00240795,0.03988
4,0.0109038,0.0392834
5,0.0195824,0.0391563
6,0.0156859,0.0392837
7,0.0104387,0.039661
8,0.00721397,0.0402155
9,2.06559e-05,0.0403958
10,0.00450171,0.0403274
11,0.021349,0.0396787
12,0.00144349,0.039318
13,0.00734734,0.0401025
14,7.3882e-05,0.0403181
15,0.0136242,0.0407677
16,0.000345495,0.0400502
17,0.00207206,0.039736
18,0.00908944,0.0395898
19,0.00466088,0.0407053
20,0.0160283,0.0404851
