Run,BestFitness,Time(s)
1,0,0.00516129
2,0,0.00507367
3,0,0.00512321
4,0,0.00511833
5,0,0.00507179
6,0,0.00510362
7,0,0.00508367
8,0,0.00510517
9,0,0.0050945
10,0,0.00509471
11,0,0.00510846
12,0,0.00511354
13,0,0.00512537
14,0,0.00517204
15,0,0.00511337
16,0,0.00511425
17,0,0.00510958
18,0,0.00513358
19,0,0.00538546
20,0,0.00513933
