Run,BestFitness,Time(s)
1,0.876538,0.000290333
2,1.01299,0.000253541
3,0.0305622,0.000249167
4,0.114445,0.000251708
5,0.286719,0.000246125
6,1.37971,0.000252958
7,0.430421,0.0002485
8,0.548035,0.000256042
9,0.00708199,0.000251708
10,0.233329,0.000247375
11,0.137826,0.000248042
12,0.071701,0.000249291
13,0.0411508,0.000254
14,0.817536,0.000246708
15,0.373927,0.000247416
16,0.019661,0.000247875
17,0.15428,0.000249583
18,0.0277288,0.000249
19,0.0042613,0.0002455
20,0.876923,0.000243458
