Run,BestFitness,Time(s)
1,14.4971,0.0269083
2,23.3244,0.0265377
3,16.0482,0.0268454
4,11.2805,0.0264804
5,12.1551,0.0270295
6,14.3683,0.027331
7,19.2656,0.0276319
8,14.1805,0.0277743
9,20.7436,0.0273529
10,23.177,0.026898
11,19.5822,0.0268834
12,22.3517,0.02708
13,18.5601,0.0268945
14,22.8638,0.0273947
15,10.2261,0.0270268
16,15.7612,0.0269189
17,7.17041,0.0264907
18,16.6094,0.026494
19,21.0497,0.0265291
20,9.67419,0.0265533
