Run,BestFitness,Time(s)
1,26.0657,0.0697437
2,23.8997,0.0586375
3,27.1631,0.0576075
4,13.3193,0.0578836
5,26.6441,0.0586628
6,20.1024,0.057832
7,23.7231,0.0578147
8,18.2087,0.0576033
9,15.9412,0.0573126
10,21.1278,0.0586898
11,22.2104,0.0578028
12,20.2403,0.0575128
13,27.3309,0.0576134
14,21.1069,0.0574871
15,11.8819,0.0588159
16,16.14,0.0579055
17,9.94457,0.0583751
18,27.2582,0.0575369
19,29.2227,0.058538
20,26.676,0.058151
