Run,BestFitness,Time(s)
1,8.95463,0.021138
2,3.97984,0.0210892
3,3.97984,0.0207429
4,2.98488,0.0208209
5,2.98488,0.0215461
6,0.994959,0.0209895
7,0.994959,0.0202619
8,0.994959,0.020612
9,0,0.0207818
10,0,0.0205495
11,0,0.0202423
12,0,0.0204602
13,0,0.021489
14,0,0.0208594
15,0,0.0210957
16,0,0.0206755
17,0,0.020732
18,0,0.0206216
19,0,0.0210188
20,0,0.020751
