Run,BestFitness,Time(s)
1,16.1536,0.000544167
2,6.58689,0.000491625
3,7.23308,0.000616875
4,5.13595,0.000490708
5,4.5866,0.000487208
6,8.92457,0.000489708
7,5.61124,0.000491667
8,11.2709,0.000430542
9,10.3512,0.000424333
10,7.33544,0.0004205
11,11.6687,0.000415958
12,11.2047,0.000426875
13,6.4033,0.000442708
14,9.48513,0.000421708
15,5.64619,0.000443959
16,15.8695,0.000498208
17,7.25909,0.000417667
18,6.10339,0.0004385
19,6.46866,0.000431
20,5.88049,0.000432584
