Run,BestDistance,Time(s)
0,639.032,8.26153
1,598.91,8.39712
2,631.733,8.295
3,622.858,8.30566
4,664.524,8.34076
5,655.883,8.28836
6,595.752,8.30735
7,634.472,8.34023
8,600.488,8.73028
9,635.298,8.56709
10,624.921,8.38819
11,658.494,8.44902
12,608.876,8.51019
13,642.989,8.6086
14,639.351,8.51552
15,604.914,8.50421
16,627.911,8.48948
17,658.931,8.32128
18,587.991,8.01746
19,644.174,8.07487
