Run,BestFitness,Time(s)
1,0,0.016072
2,0,0.0160703
3,0,0.0160365
4,0,0.0170497
5,0,0.0164789
6,0,0.0161512
7,0,0.0162186
8,0,0.0160498
9,0,0.0164111
10,0,0.016498
11,0,0.0162047
12,0,0.016061
13,0,0.0161605
14,0,0.0165061
15,0,0.0162175
16,0,0.0162999
17,0,0.0163884
18,0,0.0160738
19,0,0.0159216
20,0,0.0167145
