Run,BestFitness,Time(s)
1,0.184596,0.0606616
2,0.0792322,0.0465196
3,0.165395,0.0452882
4,0.0475712,0.0451405
5,0.0507301,0.045463
6,0.0543276,0.0482822
7,0.0802421,0.0474118
8,0.0688261,0.0453663
9,0.0796366,0.0455313
10,0.0229802,0.0455466
11,0.0957107,0.045419
12,0.266537,0.0452328
13,0.136351,0.0493966
14,0.00348952,0.0452707
15,0.0502614,0.0453612
16,0.0138426,0.0455582
17,0.083914,0.0453243
18,0.0561629,0.0454306
19,0.207469,0.0461257
20,0.0688554,0.0461642
