Run,BestFitness,Time(s)
1,0.994959,0.0100357
2,0.994959,0.00955254
3,0.994959,0.00949304
4,0,0.00938583
5,0,0.00929225
6,0,0.00936258
7,0,0.00945667
8,0,0.00957633
9,0,0.00958342
10,0,0.0100798
11,0,0.009772
12,0,0.00947058
13,0,0.00945246
14,0,0.00939754
15,0,0.00948621
16,0,0.00960967
17,0,0.009566
18,0,0.00976742
19,0,0.00937821
20,0,0.00939629
