Run,BestFitness,Time(s)
1,3.57354,0.000553916
2,0.916064,0.000484584
3,1.79348,0.000483166
4,0.301942,0.000480041
5,1.7135,0.000479791
6,2.75894,0.00048275
7,1.79464,0.000481958
8,2.09415,0.000452584
9,1.0823,0.00040625
10,2.11068,0.000416584
11,0.734422,0.000411875
12,1.66021,0.0004095
13,2.59241,0.000399791
14,0.264314,0.000406791
15,0.69181,0.0004135
16,0.417842,0.000434542
17,2.17081,0.000411459
18,1.60575,0.000408417
19,0.21755,0.000412375
20,1.96068,0.000415125
