Run,BestFitness,Time(s)
1,0,0.0142262
2,0,0.0140849
3,0,0.014064
4,0,0.0141254
5,0,0.0143757
6,0,0.0141669
7,0,0.0141847
8,0,0.0154006
9,0,0.014445
10,0,0.0141078
11,0,0.0147663
12,0,0.014171
13,0,0.0141055
14,0,0.0141238
15,0,0.0141331
16,0,0.0144717
17,0,0.0142785
18,0,0.0143249
19,0,0.014133
20,0,0.0140832
