Run,BestFitness,Time(s)
1,0.0155594,0.0648032
2,0.00427101,0.044686
3,0.00348649,0.0426926
4,0.00391404,0.0424987
5,0.129078,0.0428246
6,0.0110553,0.0435313
7,0.00769251,0.0424893
8,0.0275716,0.0445578
9,0.00983679,0.0425322
10,0.0448871,0.042752
11,0.00719846,0.0424733
12,0.00662132,0.0425843
13,0.00198999,0.04293
14,0.00127958,0.0435771
15,0.0263589,0.0424381
16,0.0671754,0.0433365
17,0.00481973,0.0430684
18,0.138462,0.043388
19,0.00355673,0.0432962
20,0.037432,0.0432245
