Run,BestFitness,Time(s)
1,0,0.00741612
2,0,0.00733733
3,0,0.00730467
4,0,0.00731683
5,0,0.00719912
6,0,0.00735292
7,0,0.00730596
8,0,0.00730646
9,0,0.00729596
10,0,0.00729592
11,0,0.00732983
12,0,0.00729625
13,0,0.00754388
14,0,0.00761525
15,0,0.00720654
16,0,0.00733254
17,0,0.00712171
18,0,0.00720258
19,0,0.00715375
20,0,0.00716408
