Run,BestFitness,Time(s)
1,5.27212,0.000904542
2,0.825328,0.000806083
3,1.69111,0.000803625
4,1.19901,0.000806667
5,0.277168,0.000812625
6,1.65656,0.00082125
7,0.271544,0.000698666
8,0.0707337,0.000696916
9,0.199611,0.00069475
10,1.5344,0.000629292
11,1.13812,0.000615917
12,0.791795,0.000622667
13,1.85087,0.00063475
14,0.229962,0.000564083
15,0.300492,0.000570083
16,1.05821,0.000571
17,0.36862,0.000571208
18,2.06253,0.00057875
19,1.49665,0.000571667
20,0.582643,0.000567334
